pop,Ageclass,Origin,med.surv,lcl.surv,ucl.surv
Caucasus/Middle East,adult,wild,0.934744189389109,0.88341232346769,0.967803670792063
Caucasus/Middle East,juvenile,captive,0.506738258793242,0.320018040184814,0.684860781107144
Caucasus/Middle East,juvenile,wild,0.617717731165149,0.405276835127785,0.794908077427533
Italy/Balkans,adult,wild,0.863268288235684,0.77934486976821,0.928920624790375
Italy/Balkans,juvenile,captive,0.236881716851118,0.103913657614923,0.407975328461528
Italy/Balkans,juvenile,wild,0.357802998972634,0.205839946755408,0.532458605256971
western europe,adult,wild,0.989165707205802,0.971128260742575,0.997461848407676
western europe,juvenile,captive,0.884380008580662,0.688135378520608,0.973720023695717
western europe,juvenile,wild,0.915789631954802,0.801925093127823,0.979808207524671
