Population,Ageclass,Origin,med.surv,lcl.surv,ucl.surv
Balkans/Italy,adult,wild,0.908019647216863,0.852808799859595,0.947138896927869
Balkans/Italy,juvenile,captive,0.190532002903877,0.0593036094075292,0.423564839885215
Balkans/Italy,juvenile,wild,0.23438274267756,0.0783957844359755,0.478270497667261
Caucasus/Middle East,adult,wild,0.908019647216863,0.852808799859595,0.947138896927869
Caucasus/Middle East,juvenile,captive,0.398704015210811,0.253819931447873,0.556357994223033
Caucasus/Middle East,juvenile,wild,0.446421223098896,0.289625753053039,0.606968392659438
western Europe,adult,wild,0.988728966680265,0.971166665153954,0.995564450780143
western Europe,juvenile,wild,0.908432649662179,0.78827326882764,0.960637954107074
