Population,Ageclass,Origin,med.surv,lcl.surv,ucl.surv
Caucasus/Middle East,adult,wild,0.910979808259411,0.855808313477592,0.948865555725502
Caucasus/Middle East,juvenile,captive,0.426680315268759,0.264284963248133,0.589857923490341
Caucasus/Middle East,juvenile,wild,0.468962722616027,0.284426770781962,0.629791288758086
Italy/Balkans,adult,wild,0.910979808259411,0.855808313477592,0.948865555725502
Italy/Balkans,juvenile,captive,0.0600624401698719,4.11412561324998e-05,0.401197647135628
Italy/Balkans,juvenile,wild,0.0777662740131172,0.00012970851821611,0.461173332729047
western Europe,adult,wild,0.989979471066481,0.971463885661112,0.997680180480471
western Europe,juvenile,wild,0.9169090824522,0.782866125442735,0.979690214058852
