Population,Ageclass,Origin,med.surv,lcl.surv,ucl.surv
Balkans/Italy,adult,wild,0.893018022729865,0.825726329411759,0.931987220308066
Balkans/Italy,juvenile,captive,0.307889574412886,0.125000364365946,0.520203596744255
Balkans/Italy,juvenile,wild,0.443466063071316,0.213590378712104,0.637895411429635
Caucasus/Middle East,adult,wild,0.893018022729865,0.825726329411759,0.931987220308066
Caucasus/Middle East,juvenile,captive,0.409119586638653,0.233245565403255,0.577986628602061
Caucasus/Middle East,juvenile,wild,0.534671995280285,0.383538800034172,0.665562240658968
western Europe,adult,wild,0.964333862782969,0.939219130871568,0.978786198089735
western Europe,juvenile,wild,0.824836481710072,0.735055692846874,0.891087894728705
