pop,Ageclass,Origin,med.surv,lcl.surv,ucl.surv
Caucasus/Middle East,adult,wild,0.9365115803907,0.883407670616027,0.968879628407427
Caucasus/Middle East,juvenile,captive,0.498847221680302,0.306954302538464,0.678333421070579
Caucasus/Middle East,juvenile,wild,0.623008079026749,0.404286001381503,0.794492660305413
Italy/Balkans,adult,wild,0.866047504033858,0.775183585395112,0.925554090900325
Italy/Balkans,juvenile,captive,0.225559327261847,0.0962231712589026,0.42076915551756
Italy/Balkans,juvenile,wild,0.358856959851318,0.209807240725365,0.536062183754519
western europe,adult,wild,0.989588195264202,0.970820102549668,0.997620263316272
western europe,juvenile,captive,0.883566976188814,0.680894468109939,0.973572965298719
western europe,juvenile,wild,0.919141146092159,0.796647343878367,0.980829164798777
