Population,Ageclass,Origin,med.surv,lcl.surv,ucl.surv
Balkans/Italy,adult,wild,0.908429267588014,0.852323130278865,0.944288807553311
Balkans/Italy,juvenile,captive,0.19399495347792,0.0557543159756678,0.410204484319613
Balkans/Italy,juvenile,wild,0.237490305225202,0.0760116645337511,0.485575617208279
Caucasus/Middle East,adult,wild,0.908429267588014,0.852323130278865,0.944288807553311
Caucasus/Middle East,juvenile,captive,0.39787376667779,0.245900020562823,0.552828236028555
Caucasus/Middle East,juvenile,wild,0.447791077716842,0.287445580246159,0.603134540581648
western Europe,adult,wild,0.98903432736248,0.972013003436321,0.995597536254878
western Europe,juvenile,wild,0.909905275983372,0.794710483402273,0.959342144785443
