"mean","sd","2.5%","25%","50%","75%","97.5%","Rhat","n.eff","overlap0","f","parameter"
0.953172427258407,0.0218806990027437,0.898581140977854,0.94229616132884,0.956688169775886,0.968475131765815,0.983592546517711,1.02186885286604,164,0,1,"mean.phi"
0.0603178975948999,0.0053897154407505,0.0500132586583802,0.0565867991718538,0.060034216945982,0.0638510788640394,0.0714963341245848,1.00014651383254,1000,0,1,"p.seen.alive"
0.407793975749747,0.0118262051615266,0.383890054048655,0.400020624488195,0.407640634338106,0.41601132287873,0.430408542595379,1.02236376684916,113,0,1,"p.found.dead"
0.0855304101994092,0.0107578378847865,0.0655969294108058,0.0782061968591275,0.0850611823928822,0.0925751816204195,0.107607527282339,1.00591273310358,336,0,1,"b.phi.age"
0.0612260174980091,0.0237280904285253,0.0173646092836792,0.044530829820587,0.0592677444705971,0.0767693293311082,0.110799759742391,1.00182679529757,746,0,0.998,"b.phi.mig"
-1.05558343244622,0.294061683290571,-1.61671844467213,-1.25869323654883,-1.04192884008746,-0.858531910041253,-0.490330837430815,1.00081548405879,1000,0,1,"b.phi.capt"
-0.0335115324493723,0.0130077367447812,-0.0587578293494783,-0.0425967425217088,-0.0328246520519091,-0.0249976317202953,-0.00942225071248826,1.02018364780629,134,0,0.995,"b.phi.lat"
3832.20742380382,3.59107210599554,3826.9421174264,3829.91154763068,3831.63296486451,3833.72860708071,3840.10733533751,1.02569386643026,158,0,1,"deviance"
